DB00007,Leuprolide
DB00010,Sermorelin
DB00014,Goserelin
DB00017,Salmon calcitonin
DB00035,Desmopressin
DB00067,Vasopressin
DB00091,Cyclosporine
DB00104,Octreotide
DB00114,Pyridoxal phosphate
DB00115,Cyanocobalamin
DB00122,Choline
DB00125,Arginine
DB00126,Ascorbic acid
DB00131,Adenosine phosphate
DB00136,Calcitriol
DB00140,Riboflavin
DB00153,Ergocalciferol
DB00160,Alanine
DB00162,Vitamin A
DB00163,Vitamin E
DB00165,Pyridoxine
DB00167,Isoleucine
DB00169,Cholecalciferol
DB00175,Pravastatin
DB00176,Fluvoxamine
DB00177,Valsartan
DB00178,Ramipril
DB00179,Masoprocol
DB00180,Flunisolide
DB00181,Baclofen
DB00182,Amphetamine
DB00186,Lorazepam
DB00187,Esmolol
DB00188,Bortezomib
DB00190,Carbidopa
DB00191,Phentermine
DB00193,Tramadol
DB00195,Betaxolol
DB00199,Erythromycin
DB00201,Caffeine
DB00203,Sildenafil
DB00204,Dofetilide
DB00206,Reserpine
DB00208,Ticlopidine
DB00210,Adapalene
DB00211,Midodrine
DB00213,Pantoprazole
DB00214,Torasemide
DB00215,Citalopram
DB00216,Eletriptan
DB00218,Moxifloxacin
DB00221,Isoetharine
DB00222,Glimepiride
DB00226,Guanadrel
DB00227,Lovastatin
DB00230,Pregabalin
DB00232,Methyclothiazide
DB00240,Alclometasone
DB00241,Butalbital
DB00242,Cladribine
DB00244,Mesalazine
DB00245,Benzatropine
DB00246,Ziprasidone
DB00248,Cabergoline
DB00252,Phenytoin
DB00255,Diethylstilbestrol
DB00257,Clotrimazole
DB00262,Carmustine
DB00264,Metoprolol
DB00268,Ropinirole
DB00270,Isradipine
DB00273,Topiramate
DB00275,Olmesartan
DB00277,Theophylline
DB00278,Argatroban
DB00279,Liothyronine
DB00280,Disopyramide
DB00281,Lidocaine
DB00282,Pamidronic acid
DB00284,Acarbose
DB00285,Venlafaxine
DB00286,Conjugated estrogens
DB00287,Travoprost
DB00289,Atomoxetine
DB00290,Bleomycin
DB00295,Morphine
DB00297,Bupivacaine
DB00302,Tranexamic acid
DB00304,Desogestrel
DB00305,Mitomycin
DB00307,Bexarotene
DB00308,Ibutilide
DB00310,Chlorthalidone
DB00313,Valproic acid
DB00315,Zolmitriptan
DB00316,Acetaminophen
DB00318,Codeine
DB00320,Dihydroergotamine
DB00321,Amitriptyline
DB00323,Tolcapone
DB00324,Fluorometholone
DB00325,Nitroprusside
DB00327,Hydromorphone
DB00328,Indomethacin
DB00331,Metformin
DB00332,Ipratropium
DB00333,Methadone
DB00334,Olanzapine
DB00335,Atenolol
DB00337,Pimecrolimus
DB00338,Omeprazole
DB00342,Terfenadine
DB00343,Diltiazem
DB00346,Alfuzosin
DB00350,Minoxidil
DB00351,Megestrol acetate
DB00352,Tioguanine
DB00353,Methylergometrine
DB00354,Buclizine
DB00356,Chlorzoxazone
DB00357,Aminoglutethimide
DB00361,Vinorelbine
DB00363,Clozapine
DB00364,Sucralfate
DB00366,Doxylamine
DB00367,Levonorgestrel
DB00368,Norepinephrine
DB00371,Meprobamate
DB00373,Timolol
DB00374,Treprostinil
DB00376,Trihexyphenidyl
DB00379,Mexiletine
DB00380,Dexrazoxane
DB00381,Amlodipine
DB00382,Tacrine
DB00384,Triamterene
DB00385,Valrubicin
DB00387,Procyclidine
DB00388,Phenylephrine
DB00390,Digoxin
DB00393,Nimodipine
DB00394,Beclomethasone dipropionate
DB00396,Progesterone
DB00397,Phenylpropanolamine
DB00398,Sorafenib
DB00399,Zoledronic acid
DB00401,Nisoldipine
DB00404,Alprazolam
DB00407,Ardeparin
DB00408,Loxapine
DB00412,Rosiglitazone
DB00413,Pramipexole
DB00414,Acetohexamide
DB00419,Miglustat
DB00421,Spironolactone
DB00422,Methylphenidate
DB00424,Hyoscyamine
DB00428,Streptozocin
DB00433,Prochlorperazine
DB00434,Cyproheptadine
DB00436,Bendroflumethiazide
DB00437,Allopurinol
DB00440,Trimethoprim
DB00441,Gemcitabine
DB00443,Betamethasone
DB00444,Teniposide
DB00445,Epirubicin
DB00448,Lansoprazole
DB00449,Dipivefrin
DB00451,Levothyroxine
DB00454,Meperidine
DB00457,Prazosin
DB00458,Imipramine
DB00461,Nabumetone
DB00464,Sodium tetradecyl sulfate
DB00465,Ketorolac
DB00468,Quinine
DB00470,Dronabinol
DB00471,Montelukast
DB00472,Fluoxetine
DB00475,Chlordiazepoxide
DB00476,Duloxetine
DB00477,Chlorpromazine
DB00480,Lenalidomide
DB00481,Raloxifene
DB00482,Celecoxib
DB00484,Brimonidine
DB00489,Sotalol
DB00490,Buspirone
DB00491,Miglitol
DB00492,Fosinopril
DB00494,Entacapone
DB00497,Oxycodone
DB00499,Flutamide
DB00500,Tolmetin
DB00501,Cimetidine
DB00502,Haloperidol
DB00508,Triflupromazine
DB00514,Dextromethorphan
DB00515,Cisplatin
DB00519,Trandolapril
DB00521,Carteolol
DB00523,Alitretinoin
DB00524,Metolazone
DB00527,Cinchocaine
DB00530,Erlotinib
DB00532,Mephenytoin
DB00533,Rofecoxib
DB00535,Cefdinir
DB00536,Guanidine
DB00537,Ciprofloxacin
DB00540,Nortriptyline
DB00541,Vincristine
DB00542,Benazepril
DB00544,Fluorouracil
DB00545,Pyridostigmine
DB00547,Desoximetasone
DB00548,Azelaic acid
DB00549,Zafirlukast
DB00550,Propylthiouracil
DB00552,Pentostatin
DB00554,Piroxicam
DB00555,Lamotrigine
DB00557,Hydroxyzine
DB00559,Bosentan
DB00563,Methotrexate
DB00564,Carbamazepine
DB00569,Fondaparinux
DB00570,Vinblastine
DB00571,Propranolol
DB00572,Atropine
DB00573,Fenoprofen
DB00575,Clonidine
DB00580,Valdecoxib
DB00583,Levocarnitine
DB00584,Enalapril
DB00585,Nizatidine
DB00586,Diclofenac
DB00588,Fluticasone propionate
DB00590,Doxazosin
DB00591,Fluocinolone acetonide
DB00593,Ethosuximide
DB00594,Amiloride
DB00596,Ulobetasol
DB00598,Labetalol
DB00603,Medroxyprogesterone acetate
DB00604,Cisapride
DB00605,Sulindac
DB00608,Chloroquine
DB00611,Butorphanol
DB00612,Bisoprolol
DB00619,Imatinib
DB00620,Triamcinolone
DB00622,Nicardipine
DB00623,Fluphenazine
DB00624,Testosterone
DB00627,Niacin
DB00630,Alendronic acid
DB00631,Clofarabine
DB00635,Prednisone
DB00636,Clofibrate
DB00637,Astemizole
DB00640,Adenosine
DB00641,Simvastatin
DB00642,Pemetrexed
DB00644,Gonadorelin
DB00647,Dextropropoxyphene
DB00650,Leucovorin
DB00651,Dyphylline
DB00652,Pentazocine
DB00653,Magnesium sulfate
DB00654,Latanoprost
DB00655,Estrone
DB00657,Mecamylamine
DB00659,Acamprosate
DB00661,Verapamil
DB00668,Epinephrine
DB00669,Sumatriptan
DB00672,Chlorpropamide
DB00674,Galantamine
DB00675,Tamoxifen
DB00678,Losartan
DB00679,Thioridazine
DB00682,Warfarin
DB00686,Pentosan polysulfate
DB00687,Fludrocortisone
DB00691,Moexipril
DB00692,Phentolamine
DB00694,Daunorubicin
DB00695,Furosemide
DB00696,Ergotamine
DB00697,Tizanidine
DB00704,Naltrexone
DB00706,Tamsulosin
DB00707,Porfimer sodium
DB00710,Ibandronate
DB00712,Flurbiprofen
DB00714,Apomorphine
DB00715,Paroxetine
DB00716,Nedocromil
DB00717,Norethisterone
DB00721,Procaine
DB00722,Lisinopril
DB00724,Imiquimod
DB00727,Nitroglycerin
DB00731,Nateglinide
DB00733,Pralidoxime
DB00734,Risperidone
DB00736,Esomeprazole
DB00741,Hydrocortisone
DB00744,Zileuton
DB00745,Modafinil
DB00747,Scopolamine
DB00749,Etodolac
DB00750,Prilocaine
DB00754,Ethotoin
DB00755,Tretinoin
DB00757,Dolasetron
DB00758,Clopidogrel
DB00759,Tetracycline
DB00762,Irinotecan
DB00763,Methimazole
DB00764,Mometasone
DB00765,Metyrosine
DB00767,Benzquinamide
DB00771,Clidinium
DB00773,Etoposide
DB00775,Tirofiban
DB00776,Oxcarbazepine
DB00783,Estradiol
DB00787,Acyclovir
DB00788,Naproxen
DB00790,Perindopril
DB00794,Primidone
DB00795,Sulfasalazine
DB00800,Fenoldopam
DB00804,Dicyclomine
DB00806,Pentoxifylline
DB00808,Indapamide
DB00810,Biperiden
DB00813,Fentanyl
DB00814,Meloxicam
DB00816,Orciprenaline
DB00819,Acetazolamide
DB00820,Tadalafil
DB00822,Disulfiram
DB00829,Diazepam
DB00831,Trifluoperazine
DB00839,Tolazamide
DB00843,Donepezil
DB00844,Nalbuphine
DB00846,Flurandrenolide
DB00848,Levamisole
DB00851,Dacarbazine
DB00852,Pseudoephedrine
DB00853,Temozolomide
DB00860,Prednisolone
DB00861,Diflunisal
DB00863,Ranitidine
DB00864,Tacrolimus
DB00865,Benzphetamine
DB00868,Benzonatate
DB00869,Dorzolamide
DB00871,Terbutaline
DB00876,Eprosartan
DB00880,Chlorothiazide
DB00881,Quinapril
DB00882,Clomifene
DB00883,Isosorbide dinitrate
DB00884,Risedronic acid
DB00887,Bumetanide
DB00889,Granisetron
DB00898,Ethanol
DB00899,Remifentanil
DB00901,Bitolterol
DB00903,Etacrynic acid
DB00904,Ondansetron
DB00905,Bimatoprost
DB00906,Tiagabine
DB00907,Cocaine
DB00908,Quinidine
DB00909,Zonisamide
DB00912,Repaglinide
DB00915,Amantadine
DB00917,Dinoprostone
DB00918,Almotriptan
DB00921,Buprenorphine
DB00924,Cyclobenzaprine
DB00925,Phenoxybenzamine
DB00927,Famotidine
DB00928,Azacitidine
DB00929,Misoprostol
DB00933,Mesoridazine
DB00936,Salicylic acid
DB00937,Diethylpropion
DB00938,Salmeterol
DB00939,Meclofenamic acid
DB00945,Acetylsalicylic acid
DB00947,Fulvestrant
DB00949,Felbamate
DB00952,Naratriptan
DB00953,Rizatriptan
DB00956,Hydrocodone
DB00957,Norgestimate
DB00958,Carboplatin
DB00959,Methylprednisolone
DB00960,Pindolol
DB00963,Bromfenac
DB00966,Telmisartan
DB00968,Methyldopa
DB00969,Alosetron
DB00975,Dipyridamole
DB00977,Ethinylestradiol
DB00982,Isotretinoin
DB00983,Formoterol
DB00987,Cytarabine
DB00988,Dopamine
DB00989,Rivastigmine
DB00990,Exemestane
DB00991,Oxaprozin
DB00992,Methyl aminolevulinate
DB00993,Azathioprine
DB00995,Auranofin
DB00996,Gabapentin
DB00997,Doxorubicin
DB00998,Frovatriptan
DB00999,Hydrochlorothiazide
DB01001,Salbutamol
DB01002,Levobupivacaine
DB01003,Cromoglicic acid
DB01005,Hydroxyurea
DB01006,Letrozole
DB01008,Busulfan
DB01009,Ketoprofen
DB01014,Balsalazide
DB01016,Glyburide
DB01017,Minocycline
DB01018,Guanfacine
DB01019,Bethanechol
DB01020,Isosorbide mononitrate
DB01023,Felodipine
DB01029,Irbesartan
DB01030,Topotecan
DB01033,Mercaptopurine
DB01035,Procainamide
DB01039,Fenofibrate
DB01041,Thalidomide
DB01042,Melphalan
DB01043,Memantine
DB01045,Rifampicin
DB01050,Ibuprofen
DB01058,Praziquantel
DB01062,Oxybutynin
DB01063,Acetophenazine
DB01064,Isoprenaline
DB01067,Glipizide
DB01068,Clonazepam
DB01069,Promethazine
DB01070,Dihydrotachysterol
DB01072,Atazanavir
DB01073,Fludarabine
DB01075,Diphenhydramine
DB01076,Atorvastatin
DB01080,Vigabatrin
DB01083,Orlistat
DB01085,Pilocarpine
DB01086,Benzocaine
DB01088,Iloprost
DB01095,Fluvastatin
DB01098,Rosuvastatin
DB01099,Flucytosine
DB01101,Capecitabine
DB01104,Sertraline
DB01105,Sibutramine
DB01109,Heparin
DB01110,Miconazole
DB01113,Papaverine
DB01115,Nifedipine
DB01118,Amiodarone
DB01120,Gliclazide
DB01122,Ambenonium
DB01124,Tolbutamide
DB01125,Anisindione
DB01128,Bicalutamide
DB01129,Rabeprazole
DB01132,Pioglitazone
DB01133,Tiludronic acid
DB01136,Carvedilol
DB01137,Levofloxacin
DB01142,Doxepin
DB01143,Amifostine
DB01148,Flavoxate
DB01151,Desipramine
DB01156,Bupropion
DB01157,Trimetrexate
DB01161,Chloroprocaine
DB01162,Terazosin
DB01165,Ofloxacin
DB01167,Itraconazole
DB01169,Arsenic trioxide
DB01170,Guanethidine
DB01173,Orphenadrine
DB01174,Phenobarbital
DB01175,Escitalopram
DB01176,Cyclizine
DB01177,Idarubicin
DB01181,Ifosfamide
DB01182,Propafenone
DB01185,Fluoxymesterone
DB01186,Pergolide
DB01188,Ciclopirox
DB01189,Desflurane
DB01192,Oxymorphone
DB01193,Acebutolol
DB01194,Brinzolamide
DB01195,Flecainide
DB01196,Estramustine
DB01197,Captopril
DB01200,Bromocriptine
DB01202,Levetiracetam
DB01203,Nadolol
DB01204,Mitoxantrone
DB01210,Levobunolol
DB01214,Metipranolol
DB01216,Finasteride
DB01217,Anastrozole
DB01219,Dantrolene
DB01221,Ketamine
DB01222,Budesonide
DB01223,Aminophylline
DB01224,Quetiapine
DB01225,Enoxaparin
DB01228,Encainide
DB01229,Paclitaxel
DB01231,Diphenidol
DB01232,Saquinavir
DB01233,Metoclopramide
DB01234,Dexamethasone
DB01235,Levodopa
DB01238,Aripiprazole
DB01240,Epoprostenol
DB01241,Gemfibrozil
DB01242,Clomipramine
DB01244,Bepridil
DB01248,Docetaxel
DB01254,Dasatinib
DB01255,Lisdexamfetamine
DB01259,Lapatinib
DB01260,Desonide
DB01261,Sitagliptin
DB01262,Decitabine
DB01267,Paliperidone
DB01268,Sunitinib
DB01275,Hydralazine
DB01291,Pirbuterol
DB01294,Bismuth subsalicylate
DB01296,Glucosamine
DB01320,Fosphenytoin
DB01327,Cefazolin
DB01351,Amobarbital
DB01356,Lithium cation
DB01359,Penbutolol
DB01364,Ephedrine
DB01367,Rasagiline
DB01394,Colchicine
DB01395,Drospirenone
DB01399,Salsalate
DB01400,Neostigmine
DB01403,Methotrimeprazine
DB01406,Danazol
DB01410,Ciclesonide
DB01427,Amrinone
DB01551,Dihydrocodeine
DB01576,Dextroamphetamine
DB01577,Metamfetamine
DB01579,Phendimetrazine
DB01590,Everolimus
DB01623,Thiothixene
DB01677,Fumaric acid
DB02546,Vorinostat
DB03796,Palmitic Acid
DB03904,Urea
DB04272,Citric acid
DB04844,Tetrabenazine
DB04861,Nebivolol
DB05259,Glatiramer
DB06285,Teriparatide
DB06287,Temsirolimus
DB09026,Aliskiren
DB11750,Clobetasol
DB13919,Candesartan
DB14513,Magnesium
